,ID,Name,Sex,Age,Height,Weight,Team,NOC,Games,Year,Season,City,Sport,Event,Medal
673,392,George Gordon Abel,M,35.0,,,Canada,CAN,1952 Winter,1952,Winter,Oslo,Ice Hockey,Ice Hockey Men's Ice Hockey,Gold
1366,772,"Michael B. ""Mike"" Adam",M,24.0,175.0,95.0,Canada,CAN,2006 Winter,2006,Winter,Torino,Curling,Curling Men's Curling,Gold
2126,1181,Meghan Christina Agosta (-Marciano),F,18.0,168.0,67.0,Canada,CAN,2006 Winter,2006,Winter,Torino,Ice Hockey,Ice Hockey Women's Ice Hockey,Gold
2127,1181,Meghan Christina Agosta (-Marciano),F,23.0,168.0,67.0,Canada,CAN,2010 Winter,2010,Winter,Vancouver,Ice Hockey,Ice Hockey Women's Ice Hockey,Gold
2128,1181,Meghan Christina Agosta (-Marciano),F,26.0,168.0,67.0,Canada,CAN,2014 Winter,2014,Winter,Sochi,Ice Hockey,Ice Hockey Women's Ice Hockey,Gold
6359,3563,"Francis ""Frank"" Amyot",M,31.0,188.0,84.0,Canada,CAN,1936 Summer,1936,Summer,Berlin,Canoeing,"Canoeing Men's Canadian Singles, 1,000 metres",Gold
6817,3824,Jasey-Jay Anderson,M,34.0,178.0,80.0,Canada,CAN,2010 Winter,2010,Winter,Vancouver,Snowboarding,Snowboarding Men's Parallel Giant Slalom,Gold
8105,4478,Dana Antal,F,24.0,170.0,64.0,Canada,CAN,2002 Winter,2002,Winter,Salt Lake City,Ice Hockey,Ice Hockey Women's Ice Hockey,Gold
8634,4742,Gillian Mary Apps,F,22.0,180.0,80.0,Canada,CAN,2006 Winter,2006,Winter,Torino,Ice Hockey,Ice Hockey Women's Ice Hockey,Gold
8635,4742,Gillian Mary Apps,F,26.0,180.0,80.0,Canada,CAN,2010 Winter,2010,Winter,Vancouver,Ice Hockey,Ice Hockey Women's Ice Hockey,Gold
8636,4742,Gillian Mary Apps,F,30.0,180.0,80.0,Canada,CAN,2014 Winter,2014,Winter,Sochi,Ice Hockey,Ice Hockey Women's Ice Hockey,Gold
9513,5219,"Donald John ""Don"" Arnold",M,21.0,178.0,83.0,Canada,CAN,1956 Summer,1956,Summer,Melbourne,Rowing,Rowing Men's Coxless Fours,Gold
12653,6890,Donovan Bailey,M,28.0,183.0,82.0,Canada,CAN,1996 Summer,1996,Summer,Atlanta,Athletics,Athletics Men's 100 metres,Gold
12654,6890,Donovan Bailey,M,28.0,183.0,82.0,Canada,CAN,1996 Summer,1996,Summer,Atlanta,Athletics,Athletics Men's 4 x 100 metres Relay,Gold
14334,7732,Darren Barber,M,23.0,193.0,98.0,Canada,CAN,1992 Summer,1992,Summer,Barcelona,Rowing,Rowing Men's Coxed Eights,Gold
14751,7961,Jennifer-Kirsten Barnes,F,24.0,175.0,75.0,Canada,CAN,1992 Summer,1992,Summer,Barcelona,Rowing,Rowing Women's Coxless Fours,Gold
14752,7961,Jennifer-Kirsten Barnes,F,24.0,175.0,75.0,Canada,CAN,1992 Summer,1992,Summer,Barcelona,Rowing,Rowing Women's Coxed Eights,Gold
15788,8514,Guillaume Bastille,M,24.0,176.0,70.0,Canada,CAN,2010 Winter,2010,Winter,Vancouver,Short Track Speed Skating,"Short Track Speed Skating Men's 5,000 metres Relay",Gold
16285,8749,"Alexander ""Alex"" Baumann",M,20.0,189.0,80.0,Canada,CAN,1984 Summer,1984,Summer,Los Angeles,Swimming,Swimming Men's 200 metres Individual Medley,Gold
16286,8749,"Alexander ""Alex"" Baumann",M,20.0,189.0,80.0,Canada,CAN,1984 Summer,1984,Summer,Los Angeles,Swimming,Swimming Men's 400 metres Individual Medley,Gold
17082,9142,Kelly Bchard,F,24.0,175.0,66.0,Canada,CAN,2002 Winter,2002,Winter,Salt Lake City,Ice Hockey,Ice Hockey Women's Ice Hockey,Gold
17408,9276,ric Bdard,M,21.0,173.0,77.0,Canada,CAN,1998 Winter,1998,Winter,Nagano,Short Track Speed Skating,"Short Track Speed Skating Men's 5,000 metres Relay",Gold
17409,9276,ric Bdard,M,25.0,173.0,77.0,Canada,CAN,2002 Winter,2002,Winter,Salt Lake City,Short Track Speed Skating,"Short Track Speed Skating Men's 5,000 metres Relay",Gold
17417,9278,Myriam Bdard,F,24.0,161.0,54.0,Canada,CAN,1994 Winter,1994,Winter,Lillehammer,Biathlon,Biathlon Women's 7.5 kilometres Sprint,Gold
17418,9278,Myriam Bdard,F,24.0,161.0,54.0,Canada,CAN,1994 Winter,1994,Winter,Lillehammer,Biathlon,Biathlon Women's 15 kilometres,Gold
18161,9639,"Florence Isabel ""Jane"" Bell (-Walker, -Doane)",F,17.0,169.0,58.0,Canada,CAN,1928 Summer,1928,Summer,Amsterdam,Athletics,Athletics Women's 4 x 100 metres Relay,Gold
19162,10142,"James Randolph ""Jamie"" Benn",M,24.0,189.0,94.0,Canada,CAN,2014 Winter,2014,Winter,Sochi,Ice Hockey,Ice Hockey Men's Ice Hockey,Gold
19291,10216,"Robert John ""Bobby"" Benson",M,25.0,167.0,61.0,Canada,CAN,1920 Summer,1920,Summer,Antwerpen,Ice Hockey,Ice Hockey Men's Ice Hockey,Gold
19878,10472,Patrice Bergeron-Cleary,M,24.0,188.0,88.0,Canada,CAN,2010 Winter,2010,Winter,Vancouver,Ice Hockey,Ice Hockey Men's Ice Hockey,Gold
19879,10472,Patrice Bergeron-Cleary,M,28.0,188.0,88.0,Canada,CAN,2014 Winter,2014,Winter,Sochi,Ice Hockey,Ice Hockey Men's Ice Hockey,Gold
20380,10751,Sylvie Bernier,F,20.0,157.0,53.0,Canada,CAN,1984 Summer,1984,Summer,Los Angeles,Diving,Diving Women's Springboard,Gold
20937,11047,"Janice ""Jan"" Betker",F,37.0,167.0,64.0,Canada,CAN,1998 Winter,1998,Winter,Nagano,Curling,Curling Women's Curling,Gold
21847,11537,"Alexandre ""Alex"" Bilodeau",M,22.0,173.0,76.0,Canada,CAN,2010 Winter,2010,Winter,Vancouver,Freestyle Skiing,Freestyle Skiing Men's Moguls,Gold
21848,11537,"Alexandre ""Alex"" Bilodeau",M,26.0,173.0,76.0,Canada,CAN,2014 Winter,2014,Winter,Sochi,Freestyle Skiing,Freestyle Skiing Men's Moguls,Gold
22987,12083,"Robert Bowlby ""Rob"" Blake",M,32.0,193.0,102.0,Canada,CAN,2002 Winter,2002,Winter,Salt Lake City,Ice Hockey,Ice Hockey Men's Ice Hockey,Gold
25224,13200,Tessa Bonhomme,F,24.0,170.0,63.0,Canada,CAN,2010 Winter,2010,Winter,Vancouver,Ice Hockey,Ice Hockey Women's Ice Hockey,Gold
26647,13870,Jennifer Lori Botterill,F,22.0,175.0,71.0,Canada,CAN,2002 Winter,2002,Winter,Salt Lake City,Ice Hockey,Ice Hockey Women's Ice Hockey,Gold
26648,13870,Jennifer Lori Botterill,F,26.0,175.0,71.0,Canada,CAN,2006 Winter,2006,Winter,Torino,Ice Hockey,Ice Hockey Women's Ice Hockey,Gold
26649,13870,Jennifer Lori Botterill,F,30.0,175.0,71.0,Canada,CAN,2010 Winter,2010,Winter,Vancouver,Ice Hockey,Ice Hockey Women's Ice Hockey,Gold
26778,13935,Gatan T. Boucher,M,25.0,171.0,72.0,Canada,CAN,1984 Winter,1984,Winter,Sarajevo,Speed Skating,"Speed Skating Men's 1,000 metres",Gold
26779,13935,Gatan T. Boucher,M,25.0,171.0,72.0,Canada,CAN,1984 Winter,1984,Winter,Sarajevo,Speed Skating,"Speed Skating Men's 1,500 metres",Gold
27377,14210,Jay Daniel Bouwmeester,M,30.0,193.0,95.0,Canada,CAN,2014 Winter,2014,Winter,Sochi,Ice Hockey,Ice Hockey Men's Ice Hockey,Gold
27685,14368,"Daniel Denis ""Dan"" Boyle",M,33.0,180.0,86.0,Canada,CAN,2010 Winter,2010,Winter,Vancouver,Ice Hockey,Ice Hockey Men's Ice Hockey,Gold
28363,14713,Jean-Luc Brassard,M,21.0,173.0,71.0,Canada,CAN,1994 Winter,1994,Winter,Lillehammer,Freestyle Skiing,Freestyle Skiing Men's Moguls,Gold
28880,14947,"Patrick Joseph ""Paddy"" Brennan",M,30.0,,,Canada,CAN,1908 Summer,1908,Summer,London,Lacrosse,Lacrosse Men's Lacrosse,Gold
29012,15005,Eric Charles Brewer,M,22.0,191.0,100.0,Canada,CAN,2002 Winter,2002,Winter,Salt Lake City,Ice Hockey,Ice Hockey Men's Ice Hockey,Gold
29369,15163,Thrse Anne Brisson,F,35.0,170.0,68.0,Canada,CAN,2002 Winter,2002,Winter,Salt Lake City,Ice Hockey,Ice Hockey Women's Ice Hockey,Gold
29550,15261,"John Charles ""Jack"" Broderick",M,32.0,,,Canada,CAN,1908 Summer,1908,Summer,London,Lacrosse,Lacrosse Men's Lacrosse,Gold
29554,15264,Martin Pierre Brodeur,M,29.0,188.0,95.0,Canada,CAN,2002 Winter,2002,Winter,Salt Lake City,Ice Hockey,Ice Hockey Men's Ice Hockey,Gold
29556,15264,Martin Pierre Brodeur,M,37.0,188.0,95.0,Canada,CAN,2010 Winter,2010,Winter,Vancouver,Ice Hockey,Ice Hockey Men's Ice Hockey,Gold
33188,17095,James Andrew Byrnes,M,25.0,200.0,93.0,Canada,CAN,2008 Summer,2008,Summer,Beijing,Rowing,Rowing Men's Coxed Eights,Gold
33199,17100,"Jacob Walter ""Wally"" Byron",M,35.0,180.0,65.0,Canada,CAN,1920 Summer,1920,Summer,Antwerpen,Ice Hockey,Ice Hockey Men's Ice Hockey,Gold
33566,17315,"Lawrence J. ""Larry"" Cain",M,21.0,182.0,83.0,Canada,CAN,1984 Summer,1984,Summer,Los Angeles,Canoeing,"Canoeing Men's Canadian Singles, 500 metres",Gold
34211,17626,"John Archibald ""Jack"" Cameron",M,21.0,,,Canada,CAN,1924 Winter,1924,Winter,Chamonix,Ice Hockey,Ice Hockey Men's Ice Hockey,Gold
34217,17631,Michelle A. Cameron (-Coulter),F,25.0,174.0,59.0,Canada,CAN,1988 Summer,1988,Summer,Seoul,Synchronized Swimming,Synchronized Swimming Women's Duet,Gold
34316,17686,Cassie Dawin Campbell (-Pascall),F,28.0,170.0,66.0,Canada,CAN,2002 Winter,2002,Winter,Salt Lake City,Ice Hockey,Ice Hockey Women's Ice Hockey,Gold
34317,17686,Cassie Dawin Campbell (-Pascall),F,32.0,170.0,66.0,Canada,CAN,2006 Winter,2006,Winter,Torino,Ice Hockey,Ice Hockey Women's Ice Hockey,Gold
34352,17700,Derrick Nathan Campbell,M,25.0,175.0,71.0,Canada,CAN,1998 Winter,1998,Winter,Nagano,Short Track Speed Skating,"Short Track Speed Skating Men's 5,000 metres Relay",Gold
34353,17701,"George Herrold ""Doc"" Campbell",M,30.0,,,Canada,CAN,1908 Summer,1908,Summer,London,Lacrosse,Lacrosse Men's Lacrosse,Gold
36281,18644,"Jeffrey J. ""Jeff"" Carter",M,29.0,190.0,90.0,Canada,CAN,2014 Winter,2014,Winter,Sochi,Ice Hockey,Ice Hockey Men's Ice Hockey,Gold
37043,19049,"Ethel Hannah Catherwood (-McLaren, -Mitchell)",F,20.0,178.0,58.0,Canada,CAN,1928 Summer,1928,Summer,Amsterdam,Athletics,Athletics Women's High Jump,Gold
38195,19630,Carlton Chambers,M,21.0,183.0,73.0,Canada,CAN,1996 Summer,1996,Summer,Atlanta,Athletics,Athletics Men's 4 x 100 metres Relay,Gold
38769,19949,Isabelle Chartrand,F,23.0,165.0,62.0,Canada,CAN,2002 Winter,2002,Winter,Salt Lake City,Ice Hockey,Ice Hockey Women's Ice Hockey,Gold
43001,22174,"William Hastings ""Bill"" Cockburn",M,29.0,,,Canada,CAN,1932 Winter,1932,Winter,Lake Placid,Ice Hockey,Ice Hockey Men's Ice Hockey,Gold
43478,22417,"Ernest John ""Ernie"" Collett",M,28.0,,,Canada,CAN,1924 Winter,1924,Winter,Chamonix,Ice Hockey,Ice Hockey Men's Ice Hockey,Gold
44313,22858,Myrtle Alice Cook (-McGowan),F,26.0,168.0,55.0,Canada,CAN,1928 Summer,1928,Summer,Amsterdam,Athletics,Athletics Women's 4 x 100 metres Relay,Gold
45932,23707,Chandra Crawford,F,22.0,175.0,68.0,Canada,CAN,2006 Winter,2006,Winter,Torino,Cross Country Skiing,Cross Country Skiing Women's Sprint,Gold
45938,23709,Dean Crawford,M,26.0,187.0,92.0,Canada,CAN,1984 Summer,1984,Summer,Los Angeles,Rowing,Rowing Men's Coxed Eights,Gold
45977,23722,Shannon Crawford,F,28.0,173.0,74.0,Canada,CAN,1992 Summer,1992,Summer,Barcelona,Rowing,Rowing Women's Coxed Eights,Gold
46382,23927,"Andrew ""Andy"" Crosby",M,26.0,198.0,90.0,Canada,CAN,1992 Summer,1992,Summer,Barcelona,Rowing,Rowing Men's Coxed Eights,Gold
46396,23930,Sidney Patrick Crosby,M,22.0,180.0,90.0,Canada,CAN,2010 Winter,2010,Winter,Vancouver,Ice Hockey,Ice Hockey Men's Ice Hockey,Gold
46397,23930,Sidney Patrick Crosby,M,26.0,180.0,90.0,Canada,CAN,2014 Winter,2014,Winter,Sochi,Ice Hockey,Ice Hockey Men's Ice Hockey,Gold
46511,23998,"Clifford Thomas ""Cliff"" Crowley",M,25.0,,,Canada,CAN,1932 Winter,1932,Winter,Lake Placid,Ice Hockey,Ice Hockey Men's Ice Hockey,Gold
47468,24465,Angela Cutrone,F,23.0,163.0,60.0,Canada,CAN,1992 Winter,1992,Winter,Albertville,Short Track Speed Skating,"Short Track Speed Skating Women's 3,000 metres Relay",Gold
48334,24921,Sylvie Daigle,F,29.0,168.0,61.0,Canada,CAN,1992 Winter,1992,Winter,Albertville,Short Track Speed Skating,"Short Track Speed Skating Women's 3,000 metres Relay",Gold
49183,25330,Melodie Daoust,F,22.0,163.0,71.0,Canada,CAN,2014 Winter,2014,Winter,Sochi,Ice Hockey,Ice Hockey Women's Ice Hockey,Gold
49734,25625,"John Francis ""Jack"" Davies",M,23.0,,,Canada,CAN,1952 Winter,1952,Winter,Oslo,Ice Hockey,Ice Hockey Men's Ice Hockey,Gold
49934,25727,Victor Davis,M,20.0,188.0,87.0,Canada,CAN,1984 Summer,1984,Summer,Los Angeles,Swimming,Swimming Men's 200 metres Breaststroke,Gold
50063,25772,"William ""Billy"" Dawe",M,27.0,,,Canada,CAN,1952 Winter,1952,Winter,Oslo,Ice Hockey,Ice Hockey Men's Ice Hockey,Gold
50164,25814,"James E. ""Jim"" Day",M,22.0,180.0,77.0,Canada,CAN,1968 Summer,1968,Summer,Mexico City,Equestrianism,"Equestrianism Mixed Jumping, Team",Gold
52910,27172,"Frederick Charles ""Charlie"" Delahey",M,22.0,,,Canada,CAN,1928 Winter,1928,Winter,Sankt Moritz,Ice Hockey,Ice Hockey Men's Ice Hockey,Gold
53054,27234,Megan Catherine Delehanty,F,24.0,191.0,76.0,Canada,CAN,1992 Summer,1992,Summer,Barcelona,Rowing,Rowing Women's Coxed Eights,Gold
54213,27812,Joseph-tienne Desmarteau (Birtz-),M,31.0,185.0,94.0,Canada,CAN,1904 Summer,1904,Summer,St. Louis,Athletics,Athletics Men's 56-pound Weight Throw,Gold
54634,28028,Walter Ignace D'Hondt,M,20.0,193.0,88.0,Canada,CAN,1956 Summer,1956,Summer,Melbourne,Rowing,Rowing Men's Coxless Fours,Gold
55312,28365,Robert Bruce Dickson,M,20.0,,,Canada,CAN,1952 Winter,1952,Winter,Oslo,Ice Hockey,Ice Hockey Men's Ice Hockey,Gold
55703,28545,"Angus F. ""Gus"" Dillon",M,,,,Canada,CAN,1908 Summer,1908,Summer,London,Lacrosse,Lacrosse Men's Lacrosse,Gold
56262,28822,"Francis Joseph ""Frank"" Dixon",M,30.0,,,Canada,CAN,1908 Summer,1908,Summer,London,Lacrosse,Lacrosse Men's Lacrosse,Gold
57982,29671,Drew Doughty,M,20.0,185.0,92.0,Canada,CAN,2010 Winter,2010,Winter,Vancouver,Ice Hockey,Ice Hockey Men's Ice Hockey,Gold
57983,29671,Drew Doughty,M,24.0,185.0,92.0,Canada,CAN,2014 Winter,2014,Winter,Sochi,Ice Hockey,Ice Hockey Men's Ice Hockey,Gold
58176,29774,Murray Albert Dowey,M,22.0,,,Canada,CAN,1948 Winter,1948,Winter,Sankt Moritz,Ice Hockey,Ice Hockey Men's Ice Hockey,Gold
58772,30069,Franois Louis Drolet,M,25.0,172.0,70.0,Canada,CAN,1998 Winter,1998,Winter,Nagano,Short Track Speed Skating,"Short Track Speed Skating Men's 5,000 metres Relay",Gold
58822,30097,Derek Drouin,M,26.0,196.0,83.0,Canada,CAN,2016 Summer,2016,Summer,Rio de Janeiro,Athletics,Athletics Men's High Jump,Gold
59231,30337,"Matthew ""Matt"" Duchene",M,23.0,180.0,91.0,Canada,CAN,2014 Winter,2014,Winter,Sochi,Ice Hockey,Ice Hockey Men's Ice Hockey,Gold
59250,30350,Richard Louis Duckett,M,23.0,,,Canada,CAN,1908 Summer,1908,Summer,London,Lacrosse,Lacrosse Men's Lacrosse,Gold
59457,30454,Justine Dufour-Lapointe,F,19.0,164.0,54.0,Canada,CAN,2014 Winter,2014,Winter,Sochi,Freestyle Skiing,Freestyle Skiing Women's Moguls,Gold
59817,30635,"Albert Gordon ""Bert"" Duncanson",M,20.0,,,Canada,CAN,1932 Winter,1932,Winter,Lake Placid,Ice Hockey,Ice Hockey Men's Ice Hockey,Gold
59971,30714,"Bernard Francis ""Frank"" Dunster",M,26.0,,,Canada,CAN,1948 Winter,1948,Winter,Sankt Moritz,Ice Hockey,Ice Hockey Men's Ice Hockey,Gold
60076,30765,Lori Dupuis,F,29.0,173.0,75.0,Canada,CAN,2002 Winter,2002,Winter,Salt Lake City,Ice Hockey,Ice Hockey Women's Ice Hockey,Gold
62853,32221,"James Robert ""Jim"" Elder",M,34.0,172.0,70.0,Canada,CAN,1968 Summer,1968,Summer,Mexico City,Equestrianism,"Equestrianism Mixed Jumping, Team",Gold
63859,32720,Adam Enright,M,26.0,178.0,79.0,Canada,CAN,2010 Winter,2010,Winter,Vancouver,Curling,Curling Men's Curling,Gold
64848,33177,Robert Esmie,M,24.0,175.0,64.0,Canada,CAN,1996 Summer,1996,Summer,Atlanta,Athletics,Athletics Men's 4 x 100 metres Relay,Gold
65379,33461,"Marcus ""Mark"" Evans",M,26.0,196.0,87.0,Canada,CAN,1984 Summer,1984,Summer,Los Angeles,Rowing,Rowing Men's Coxed Eights,Gold
65383,33463,"John Michael ""Mike"" Evans",M,26.0,190.0,87.0,Canada,CAN,1984 Summer,1984,Summer,Los Angeles,Rowing,Rowing Men's Coxed Eights,Gold
65569,33555,Walter Hamilton Ewing,M,30.0,,,Canada,CAN,1908 Summer,1908,Summer,London,Shooting,Shooting Men's Trap,Gold
68442,34944,Gillian Ferrari,F,25.0,173.0,73.0,Canada,CAN,2006 Winter,2006,Winter,Torino,Ice Hockey,Ice Hockey Women's Ice Hockey,Gold
69852,35576,"Franklyn Wood ""Frank"" Fisher",M,20.0,,,Canada,CAN,1928 Winter,1928,Winter,Sankt Moritz,Ice Hockey,Ice Hockey Men's Ice Hockey,Gold
69856,35578,Hugh Fisher,M,28.0,183.0,83.0,Canada,CAN,1984 Summer,1984,Summer,Los Angeles,Canoeing,"Canoeing Men's Kayak Doubles, 1,000 metres",Gold
70389,35834,"Theoren Wallace ""Theo"" Fleury",M,33.0,168.0,82.0,Canada,CAN,2002 Winter,2002,Winter,Salt Lake City,Ice Hockey,Ice Hockey Men's Ice Hockey,Gold
71081,36193,Adam David Vernon Foote,M,30.0,188.0,97.0,Canada,CAN,2002 Winter,2002,Winter,Salt Lake City,Ice Hockey,Ice Hockey Men's Ice Hockey,Gold
71132,36226,Atina Ford (Johnston-),F,26.0,160.0,68.0,Canada,CAN,1998 Winter,1998,Winter,Nagano,Curling,Curling Women's Curling,Gold
71201,36264,Michael Joseph Forgeron,M,26.0,199.0,98.0,Canada,CAN,1992 Summer,1992,Summer,Barcelona,Rowing,Rowing Men's Coxed Eights,Gold
71454,36383,Laura Michele Fortino,F,23.0,164.0,62.0,Canada,CAN,2014 Winter,2014,Winter,Sochi,Ice Hockey,Ice Hockey Women's Ice Hockey,Gold
72585,36918,Sylvie Frchette (-Van Strydonck),F,25.0,177.0,64.0,Canada,CAN,1992 Summer,1992,Summer,Barcelona,Synchronized Swimming,Synchronized Swimming Women's Solo,Gold
72664,36952,"Sigurdur Franklin ""Frank"" Fredrickson",M,24.0,180.0,82.0,Canada,CAN,1920 Summer,1920,Summer,Antwerpen,Ice Hockey,Ice Hockey Men's Ice Hockey,Gold
73095,37160,"Kristmundur N. ""Chris"" Fridfinnson",M,21.0,180.0,58.0,Canada,CAN,1920 Summer,1920,Summer,Antwerpen,Ice Hockey,Ice Hockey Men's Ice Hockey,Gold
73536,37371,Ryan Fry,M,35.0,175.0,80.0,Canada,CAN,2014 Winter,2014,Winter,Sochi,Curling,Curling Men's Curling,Gold
74103,37636,Lori Fung (-Methorst),F,21.0,163.0,43.0,Canada,CAN,1984 Summer,1984,Summer,Los Angeles,Rhythmic Gymnastics,Rhythmic Gymnastics Women's Individual,Gold
74591,37891,Simon Gagn,M,21.0,183.0,84.0,Canada,CAN,2002 Winter,2002,Winter,Salt Lake City,Ice Hockey,Ice Hockey Men's Ice Hockey,Gold
74612,37897,Marc Gagnon,M,22.0,184.0,75.0,Canada,CAN,1998 Winter,1998,Winter,Nagano,Short Track Speed Skating,"Short Track Speed Skating Men's 5,000 metres Relay",Gold
74613,37897,Marc Gagnon,M,26.0,184.0,75.0,Canada,CAN,2002 Winter,2002,Winter,Salt Lake City,Short Track Speed Skating,Short Track Speed Skating Men's 500 metres,Gold
74616,37897,Marc Gagnon,M,26.0,184.0,75.0,Canada,CAN,2002 Winter,2002,Winter,Salt Lake City,Short Track Speed Skating,"Short Track Speed Skating Men's 5,000 metres Relay",Gold
75808,38481,George Frederick Garbutt,M,28.0,,,Canada,CAN,1932 Winter,1932,Winter,Lake Placid,Ice Hockey,Ice Hockey Men's Ice Hockey,Gold
77024,39084,"Donald Valentine ""Don"" Gauf",M,25.0,,,Canada,CAN,1952 Winter,1952,Winter,Oslo,Ice Hockey,Ice Hockey Men's Ice Hockey,Gold
77250,39204,"Thomas Franklin ""Tom"" Gayford",M,39.0,172.0,70.0,Canada,CAN,1968 Summer,1968,Summer,Mexico City,Equestrianism,"Equestrianism Mixed Jumping, Team",Gold
77753,39466,George Patrick Genereux,M,17.0,,,Canada,CAN,1952 Summer,1952,Summer,Helsinki,Shooting,Shooting Men's Trap,Gold
78561,39876,Ryan Getzlaf,M,24.0,193.0,100.0,Canada,CAN,2010 Winter,2010,Winter,Vancouver,Ice Hockey,Ice Hockey Men's Ice Hockey,Gold
78562,39876,Ryan Getzlaf,M,28.0,193.0,100.0,Canada,CAN,2014 Winter,2014,Winter,Sochi,Ice Hockey,Ice Hockey Men's Ice Hockey,Gold
79083,40160,"William James ""Billy"" Gibson",M,24.0,,,Canada,CAN,1952 Winter,1952,Winter,Oslo,Ice Hockey,Ice Hockey Men's Ice Hockey,Gold
79106,40167,Duff Gibson,M,39.0,185.0,100.0,Canada,CAN,2006 Winter,2006,Winter,Torino,Skeleton,Skeleton Men's Skeleton,Gold
79285,40265,Glenroy John Gilbert,M,27.0,183.0,79.0,Canada,CAN,1996 Summer,1996,Summer,Atlanta,Athletics,Athletics Men's 4 x 100 metres Relay,Gold
79936,40577,Mathieu Giroux,M,24.0,177.0,80.0,Canada,CAN,2010 Winter,2010,Winter,Vancouver,Speed Skating,Speed Skating Men's Team Pursuit (8 laps),Gold
82123,41700,"Magnus ""Mike"" Goodman",M,22.0,171.0,68.0,Canada,CAN,1920 Summer,1920,Summer,Antwerpen,Ice Hockey,Ice Hockey Men's Ice Hockey,Gold
82429,41880,"Thomas Patrick ""Tom"" Gorman",M,21.0,,,Canada,CAN,1908 Summer,1908,Summer,London,Lacrosse,Lacrosse Men's Lacrosse,Gold
82821,42068,George Henry Goulding,M,26.0,,,Canada,CAN,1912 Summer,1912,Summer,Stockholm,Athletics,Athletics Men's 10 kilometres Walk,Gold
82956,42140,Danielle Goyette,F,36.0,168.0,70.0,Canada,CAN,2002 Winter,2002,Winter,Salt Lake City,Ice Hockey,Ice Hockey Women's Ice Hockey,Gold
82957,42140,Danielle Goyette,F,40.0,168.0,70.0,Canada,CAN,2006 Winter,2006,Winter,Torino,Ice Hockey,Ice Hockey Women's Ice Hockey,Gold
83613,42498,Israel Jean Orval Gravelle,M,20.0,,,Canada,CAN,1948 Winter,1948,Winter,Sankt Moritz,Ice Hockey,Ice Hockey Men's Ice Hockey,Gold
83963,42670,Nancy Catherine Greene (-Raine),F,24.0,160.0,62.0,Canada,CAN,1968 Winter,1968,Winter,Grenoble,Alpine Skiing,Alpine Skiing Women's Giant Slalom,Gold
85809,43511,Marcia Gudereit (Schiml-),F,32.0,165.0,68.0,Canada,CAN,1998 Winter,1998,Winter,Nagano,Curling,Curling Women's Curling,Gold
86287,43735,Jonathan Guilmette,M,23.0,180.0,75.0,Canada,CAN,2002 Winter,2002,Winter,Salt Lake City,Short Track Speed Skating,"Short Track Speed Skating Men's 5,000 metres Relay",Gold
86875,44066,"Bradley Raymond ""Brad"" Gushue",M,25.0,183.0,77.0,Canada,CAN,2006 Winter,2006,Winter,Torino,Curling,Curling Men's Curling,Gold
87336,44283,"Patrick ""Patsy"" Guzzo",M,30.0,,,Canada,CAN,1948 Winter,1948,Winter,Sankt Moritz,Ice Hockey,Ice Hockey Men's Ice Hockey,Gold
87442,44338,"Horace ""Lefty"" Gwynne",M,19.0,157.0,53.0,Canada,CAN,1932 Summer,1932,Summer,Los Angeles,Boxing,Boxing Men's Bantamweight,Gold
88668,44948,"Wallace Edwin ""Wally"" Halder",M,22.0,,,Canada,CAN,1948 Winter,1948,Winter,Sankt Moritz,Ice Hockey,Ice Hockey Men's Ice Hockey,Gold
88669,44949,"Harold ""Slim"" Halderson",M,20.0,190.0,91.0,Canada,CAN,1920 Summer,1920,Summer,Antwerpen,Ice Hockey,Ice Hockey Men's Ice Hockey,Gold
89265,45242,Charles Hamelin,M,25.0,175.0,71.0,Canada,CAN,2010 Winter,2010,Winter,Vancouver,Short Track Speed Skating,Short Track Speed Skating Men's 500 metres,Gold
89268,45242,Charles Hamelin,M,25.0,175.0,71.0,Canada,CAN,2010 Winter,2010,Winter,Vancouver,Short Track Speed Skating,"Short Track Speed Skating Men's 5,000 metres Relay",Gold
89271,45242,Charles Hamelin,M,29.0,175.0,71.0,Canada,CAN,2014 Winter,2014,Winter,Sochi,Short Track Speed Skating,"Short Track Speed Skating Men's 1,500 metres",Gold
89274,45243,Franois Hamelin,M,23.0,175.0,73.0,Canada,CAN,2010 Winter,2010,Winter,Vancouver,Short Track Speed Skating,"Short Track Speed Skating Men's 5,000 metres Relay",Gold
89286,45250,"Daniel ""Dan"" Hamhuis",M,31.0,185.0,92.0,Canada,CAN,2014 Winter,2014,Winter,Sochi,Ice Hockey,Ice Hockey Men's Ice Hockey,Gold
89326,45277,"Ernest Samuel ""Ernie"" Hamilton",M,25.0,,,Canada,CAN,1908 Summer,1908,Summer,London,Lacrosse,Lacrosse Men's Lacrosse,Gold
89336,45284,Kyle Hamilton,M,30.0,199.0,96.0,Canada,CAN,2008 Summer,2008,Summer,Beijing,Rowing,Rowing Men's Coxed Eights,Gold
90107,45661,Ralph Lawrence Hansch,M,27.0,,,Canada,CAN,1952 Winter,1952,Winter,Oslo,Ice Hockey,Ice Hockey Men's Ice Hockey,Gold
90971,46095,"Eric J. ""E.J."" Harnden",M,30.0,185.0,84.0,Canada,CAN,2014 Winter,2014,Winter,Sochi,Curling,Curling Men's Curling,Gold
90977,46098,Ryan Harnden,M,27.0,183.0,91.0,Canada,CAN,2014 Winter,2014,Winter,Sochi,Curling,Curling Men's Curling,Gold
92706,46974,Geraldine Anne Heaney,F,34.0,173.0,64.0,Canada,CAN,2002 Winter,2002,Winter,Salt Lake City,Ice Hockey,Ice Hockey Women's Ice Hockey,Gold
92778,47004,"Daniel James ""Dany"" Heatley",M,29.0,191.0,97.0,Canada,CAN,2010 Winter,2010,Winter,Vancouver,Ice Hockey,Ice Hockey Men's Ice Hockey,Gold
92806,47021,"Benjamin ""Ben"" Hebert",M,26.0,180.0,94.0,Canada,CAN,2010 Winter,2010,Winter,Vancouver,Curling,Curling Men's Curling,Gold
92905,47073,Kathleen Joan Heddle,F,26.0,180.0,72.0,Canada,CAN,1992 Summer,1992,Summer,Barcelona,Rowing,Rowing Women's Coxless Pairs,Gold
92906,47073,Kathleen Joan Heddle,F,26.0,180.0,72.0,Canada,CAN,1992 Summer,1992,Summer,Barcelona,Rowing,Rowing Women's Coxed Eights,Gold
92907,47073,Kathleen Joan Heddle,F,30.0,180.0,72.0,Canada,CAN,1996 Summer,1996,Summer,Atlanta,Rowing,Rowing Women's Double Sculls,Gold
93060,47137,Jayna Hefford,F,24.0,163.0,63.0,Canada,CAN,2002 Winter,2002,Winter,Salt Lake City,Ice Hockey,Ice Hockey Women's Ice Hockey,Gold
93061,47137,Jayna Hefford,F,28.0,163.0,63.0,Canada,CAN,2006 Winter,2006,Winter,Torino,Ice Hockey,Ice Hockey Women's Ice Hockey,Gold
93062,47137,Jayna Hefford,F,32.0,163.0,63.0,Canada,CAN,2010 Winter,2010,Winter,Vancouver,Ice Hockey,Ice Hockey Women's Ice Hockey,Gold
93063,47137,Jayna Hefford,F,36.0,163.0,63.0,Canada,CAN,2014 Winter,2014,Winter,Sochi,Ice Hockey,Ice Hockey Women's Ice Hockey,Gold
93134,47165,Anne Heggtveit (-Hamilton),F,21.0,160.0,51.0,Canada,CAN,1960 Winter,1960,Winter,Squaw Valley,Alpine Skiing,Alpine Skiing Women's Slalom,Gold
93288,47229,Jennifer Heil,F,22.0,162.0,56.5,Canada,CAN,2006 Winter,2006,Winter,Torino,Freestyle Skiing,Freestyle Skiing Women's Moguls,Gold
94111,47631,"Reinhold ""Roy"" Henkel",M,26.0,,,Canada,CAN,1932 Winter,1932,Winter,Lake Placid,Ice Hockey,Ice Hockey Men's Ice Hockey,Gold
95589,48396,"Thomas Edward ""Ted"" Hibberd",M,21.0,,,Canada,CAN,1948 Winter,1948,Winter,Sankt Moritz,Ice Hockey,Ice Hockey Men's Ice Hockey,Gold
96868,49047,George Ritchie Hodgson,M,18.0,,,Canada,CAN,1912 Summer,1912,Summer,Stockholm,Swimming,Swimming Men's 400 metres Freestyle,Gold
96869,49047,George Ritchie Hodgson,M,18.0,,,Canada,CAN,1912 Summer,1912,Summer,Stockholm,Swimming,"Swimming Men's 1,500 metres Freestyle",Gold
98367,49784,"Henry Francis ""Henny"" Hoobin",M,29.0,,,Canada,CAN,1908 Summer,1908,Summer,London,Lacrosse,Lacrosse Men's Lacrosse,Gold
98702,49949,Blair James H. Horn,M,23.0,190.0,87.0,Canada,CAN,1984 Summer,1984,Summer,Los Angeles,Rowing,Rowing Men's Coxed Eights,Gold
99420,50322,Malcolm Howard,M,25.0,200.0,100.0,Canada,CAN,2008 Summer,2008,Summer,Beijing,Rowing,Rowing Men's Coxed Eights,Gold
99438,50330,"Russell W. ""Russ"" Howard",M,49.0,178.0,80.0,Canada,CAN,2006 Winter,2006,Winter,Torino,Curling,Curling Men's Curling,Gold
99495,50359,Dara Howell,F,19.0,170.0,58.0,Canada,CAN,2014 Winter,2014,Winter,Sochi,Freestyle Skiing,Freestyle Skiing Women's Slopestyle,Gold
100446,50800,"Henry Dewey Louis ""Lou"" Hudson",M,29.0,,,Canada,CAN,1928 Winter,1928,Winter,Sankt Moritz,Ice Hockey,Ice Hockey Men's Ice Hockey,Gold
100586,50859,Clara Hughes,F,33.0,175.0,72.0,Canada,CAN,2006 Winter,2006,Winter,Torino,Speed Skating,"Speed Skating Women's 5,000 metres",Gold
100934,51029,George William Hungerford,M,20.0,195.0,96.0,Canada,CAN,1964 Summer,1964,Summer,Tokyo,Rowing,Rowing Men's Coxless Pairs,Gold
101527,51341,Carol Huynh,F,27.0,154.0,48.0,Canada,CAN,2008 Summer,2008,Summer,Beijing,Wrestling,"Wrestling Women's Flyweight, Freestyle",Gold
102104,51655,Baraladei Daniel Igali,M,26.0,168.0,74.0,Canada,CAN,2000 Summer,2000,Summer,Sydney,Wrestling,"Wrestling Men's Welterweight, Freestyle",Gold
102146,51674,Jarome Arthur-Leigh Adekunle Tig Junior Elvis Iginla,M,24.0,185.0,95.0,Canada,CAN,2002 Winter,2002,Winter,Salt Lake City,Ice Hockey,Ice Hockey Men's Ice Hockey,Gold
102148,51674,Jarome Arthur-Leigh Adekunle Tig Junior Elvis Iginla,M,32.0,185.0,95.0,Canada,CAN,2010 Winter,2010,Winter,Vancouver,Ice Hockey,Ice Hockey Men's Ice Hockey,Gold
103548,52392,Haley Lyn Irwin,F,21.0,170.0,78.0,Canada,CAN,2010 Winter,2010,Winter,Vancouver,Ice Hockey,Ice Hockey Women's Ice Hockey,Gold
103549,52392,Haley Lyn Irwin,F,25.0,170.0,78.0,Canada,CAN,2014 Winter,2014,Winter,Sochi,Ice Hockey,Ice Hockey Women's Ice Hockey,Gold
104995,53144,Roger Charles Jackson,M,22.0,199.0,86.0,Canada,CAN,1964 Summer,1964,Summer,Tokyo,Rowing,Rowing Men's Coxless Pairs,Gold
105065,53186,"Bradley ""Brad"" Jacobs",M,28.0,180.0,81.0,Canada,CAN,2014 Winter,2014,Winter,Sochi,Curling,Curling Men's Curling,Gold
107036,54102,Olivier Jean,M,25.0,188.0,83.0,Canada,CAN,2010 Winter,2010,Winter,Vancouver,Short Track Speed Skating,"Short Track Speed Skating Men's 5,000 metres Relay",Gold
107439,54296,Brianne Alexandra Jenner,F,22.0,175.0,70.0,Canada,CAN,2014 Winter,2014,Winter,Sochi,Ice Hockey,Ice Hockey Women's Ice Hockey,Gold
108946,55085,"Konrad Jonasson ""Konnie"" Johannesson",M,23.0,179.0,75.0,Canada,CAN,1920 Summer,1920,Summer,Antwerpen,Ice Hockey,Ice Hockey Men's Ice Hockey,Gold
109815,55524,Rebecca Ann Johnston,F,20.0,170.0,67.0,Canada,CAN,2010 Winter,2010,Winter,Vancouver,Ice Hockey,Ice Hockey Women's Ice Hockey,Gold
109816,55524,Rebecca Ann Johnston,F,24.0,170.0,67.0,Canada,CAN,2014 Winter,2014,Winter,Sochi,Ice Hockey,Ice Hockey Women's Ice Hockey,Gold
110113,55680,Jennifer Judith Jones,F,39.0,173.0,63.0,Canada,CAN,2014 Winter,2014,Winter,Sochi,Curling,Curling Women's Curling,Gold
110630,55946,Curtis Shayne Joseph,M,34.0,180.0,86.0,Canada,CAN,2002 Winter,2002,Winter,Salt Lake City,Ice Hockey,Ice Hockey Men's Ice Hockey,Gold
110808,56050,"Edward ""Ed"" Jovanovski",M,25.0,188.0,96.0,Canada,CAN,2002 Winter,2002,Winter,Salt Lake City,Ice Hockey,Ice Hockey Men's Ice Hockey,Gold
113662,57574,Paul Tetsuhiko Kariya,M,27.0,178.0,78.0,Canada,CAN,2002 Winter,2002,Winter,Salt Lake City,Ice Hockey,Ice Hockey Men's Ice Hockey,Gold
115339,58450,Duncan Keith,M,26.0,185.0,88.0,Canada,CAN,2010 Winter,2010,Winter,Vancouver,Ice Hockey,Ice Hockey Men's Ice Hockey,Gold
115340,58450,Duncan Keith,M,30.0,185.0,88.0,Canada,CAN,2014 Winter,2014,Winter,Sochi,Ice Hockey,Ice Hockey Men's Ice Hockey,Gold
115460,58494,"Rebecca D. ""Becky"" Kellar (-Duke)",F,27.0,170.0,71.0,Canada,CAN,2002 Winter,2002,Winter,Salt Lake City,Ice Hockey,Ice Hockey Women's Ice Hockey,Gold
115461,58494,"Rebecca D. ""Becky"" Kellar (-Duke)",F,31.0,170.0,71.0,Canada,CAN,2006 Winter,2006,Winter,Torino,Ice Hockey,Ice Hockey Women's Ice Hockey,Gold
115462,58494,"Rebecca D. ""Becky"" Kellar (-Duke)",F,35.0,170.0,71.0,Canada,CAN,2010 Winter,2010,Winter,Vancouver,Ice Hockey,Ice Hockey Women's Ice Hockey,Gold
115960,58723,Marc Kennedy,M,28.0,188.0,84.0,Canada,CAN,2010 Winter,2010,Winter,Vancouver,Curling,Curling Men's Curling,Gold
116200,58839,"Robert ""Bobby"" Kerr",M,25.0,171.0,66.0,Canada,CAN,1908 Summer,1908,Summer,London,Athletics,Athletics Men's 200 metres,Gold
119555,60522,Gina Kingsbury,F,24.0,173.0,62.0,Canada,CAN,2006 Winter,2006,Winter,Torino,Ice Hockey,Ice Hockey Women's Ice Hockey,Gold
119556,60522,Gina Kingsbury,F,28.0,173.0,62.0,Canada,CAN,2010 Winter,2010,Winter,Vancouver,Ice Hockey,Ice Hockey Women's Ice Hockey,Gold
120667,61063,"Cynthia Nicole ""Cindy"" Klassen",F,26.0,173.0,71.0,Canada,CAN,2006 Winter,2006,Winter,Torino,Speed Skating,"Speed Skating Women's 1,500 metres",Gold
124170,62722,Jamie A. Korab,M,26.0,182.0,95.0,Canada,CAN,2006 Winter,2006,Winter,Torino,Curling,Curling Men's Curling,Gold
126806,63933,Adam Kreek,M,27.0,193.0,91.0,Canada,CAN,2008 Summer,2008,Summer,Beijing,Rowing,Rowing Men's Coxed Eights,Gold
126823,63943,Kathy Kreiner (-Phillips),F,18.0,173.0,59.0,Canada,CAN,1976 Winter,1976,Winter,Innsbruck,Alpine Skiing,Alpine Skiing Women's Giant Slalom,Gold
129066,64986,"Christopher ""Chris"" Kunitz",M,34.0,183.0,88.0,Canada,CAN,2014 Winter,2014,Winter,Sochi,Ice Hockey,Ice Hockey Men's Ice Hockey,Gold
130437,65665,"Charline ""Charlie"" Labont",F,23.0,175.0,72.0,Canada,CAN,2006 Winter,2006,Winter,Torino,Ice Hockey,Ice Hockey Women's Ice Hockey,Gold
130438,65665,"Charline ""Charlie"" Labont",F,27.0,175.0,72.0,Canada,CAN,2010 Winter,2010,Winter,Vancouver,Ice Hockey,Ice Hockey Women's Ice Hockey,Gold
130439,65665,"Charline ""Charlie"" Labont",F,31.0,175.0,72.0,Canada,CAN,2014 Winter,2014,Winter,Sochi,Ice Hockey,Ice Hockey Women's Ice Hockey,Gold
131372,66123,Eric Lamaze,M,40.0,170.0,65.0,Canada,CAN,2008 Summer,2008,Summer,Beijing,Equestrianism,"Equestrianism Mixed Jumping, Individual",Gold
131451,66156,Nathalie Brigitte Lambert,F,28.0,170.0,65.0,Canada,CAN,1992 Winter,1992,Winter,Albertville,Short Track Speed Skating,"Short Track Speed Skating Women's 3,000 metres Relay",Gold
132337,66607,Henri Andr Laperrire,M,22.0,189.0,79.0,Canada,CAN,1948 Winter,1948,Winter,Sankt Moritz,Ice Hockey,Ice Hockey Men's Ice Hockey,Gold
132505,66691,Sbastien Lareau,M,27.0,183.0,79.0,Canada,CAN,2000 Summer,2000,Summer,Sydney,Tennis,Tennis Men's Doubles,Gold
132591,66741,Jocelyne Dawn Marie Larocque,F,25.0,170.0,63.0,Canada,CAN,2014 Winter,2014,Winter,Sochi,Ice Hockey,Ice Hockey Women's Ice Hockey,Gold
133662,67295,Kaitlyn Lawes,F,25.0,160.0,53.0,Canada,CAN,2014 Winter,2014,Winter,Sochi,Curling,Curling Women's Curling,Gold
134121,67528,Catriona Ann Le May Doan,F,27.0,170.0,70.0,Canada,CAN,1998 Winter,1998,Winter,Nagano,Speed Skating,Speed Skating Women's 500 metres,Gold
134124,67528,Catriona Ann Le May Doan,F,31.0,170.0,70.0,Canada,CAN,2002 Winter,2002,Winter,Salt Lake City,Speed Skating,Speed Skating Women's 500 metres,Gold
134542,67721,John Howard Louis Lecompte,M,33.0,,,Canada,CAN,1948 Winter,1948,Winter,Sankt Moritz,Ice Hockey,Ice Hockey Men's Ice Hockey,Gold
135593,68224,Kerrin Anne Lee-Gartner,F,25.0,171.0,63.0,Canada,CAN,1992 Winter,1992,Winter,Albertville,Alpine Skiing,Alpine Skiing Women's Downhill,Gold
136479,68638,Mario Lemieux,M,36.0,192.0,102.0,Canada,CAN,2002 Winter,2002,Winter,Salt Lake City,Ice Hockey,Ice Hockey Men's Ice Hockey,Gold
137755,69242,Lennox Claudius Lewis,M,23.0,194.0,100.0,Canada,CAN,1988 Summer,1988,Summer,Seoul,Boxing,Boxing Men's Super-Heavyweight,Gold
138943,69799,Kevin Richard Light,M,29.0,190.0,92.0,Canada,CAN,2008 Summer,2008,Summer,Beijing,Rowing,Rowing Men's Coxed Eights,Gold
139849,70214,"Carl Victor ""Vic"" Lindquist",M,23.0,,,Canada,CAN,1932 Winter,1932,Winter,Lake Placid,Ice Hockey,Ice Hockey Men's Ice Hockey,Gold
139888,70239,Eric Bryan Lindros,M,28.0,193.0,107.0,Canada,CAN,2002 Winter,2002,Winter,Salt Lake City,Ice Hockey,Ice Hockey Men's Ice Hockey,Gold
142084,71274,Lorne Kenneth Loomer,M,19.0,187.0,84.0,Canada,CAN,1956 Summer,1956,Summer,Melbourne,Rowing,Rowing Men's Coxless Fours,Gold
144268,72407,Roberto Luongo,M,30.0,190.0,93.0,Canada,CAN,2010 Winter,2010,Winter,Vancouver,Ice Hockey,Ice Hockey Men's Ice Hockey,Gold
144269,72407,Roberto Luongo,M,34.0,190.0,93.0,Canada,CAN,2014 Winter,2014,Winter,Sochi,Ice Hockey,Ice Hockey Men's Ice Hockey,Gold
144780,72655,George Seymour Lyon,M,45.0,,,Canada,CAN,1904 Summer,1904,Summer,St. Louis,Golf,Golf Men's Individual,Gold
145425,73001,"Allan ""Al"" MacInnis",M,38.0,188.0,95.0,Canada,CAN,2002 Winter,2002,Winter,Salt Lake City,Ice Hockey,Ice Hockey Men's Ice Hockey,Gold
145569,73055,"Clarence Douglas ""Clary"" MacKerrow",M,31.0,,,Canada,CAN,1908 Summer,1908,Summer,London,Lacrosse,Lacrosse Men's Lacrosse,Gold
145583,73065,"Archibald A. ""Archie"" MacKinnon",M,19.0,188.0,81.0,Canada,CAN,1956 Summer,1956,Summer,Melbourne,Rowing,Rowing Men's Coxless Fours,Gold
145669,73100,"Rosannagh ""Rosie"" MacLennan",F,23.0,158.0,54.0,Canada,CAN,2012 Summer,2012,Summer,London,Trampolining,Trampolining Women's Individual,Gold
145670,73100,"Rosannagh ""Rosie"" MacLennan",F,27.0,158.0,54.0,Canada,CAN,2016 Summer,2016,Summer,Rio de Janeiro,Trampolining,Trampolining Women's Individual,Gold
145672,73102,Carla MacLeod,F,23.0,163.0,63.0,Canada,CAN,2006 Winter,2006,Winter,Torino,Ice Hockey,Ice Hockey Women's Ice Hockey,Gold
145673,73102,Carla MacLeod,F,27.0,163.0,63.0,Canada,CAN,2010 Winter,2010,Winter,Vancouver,Ice Hockey,Ice Hockey Women's Ice Hockey,Gold
146777,73668,Gerald Grant Main,M,24.0,189.0,90.0,Canada,CAN,1984 Summer,1984,Summer,Los Angeles,Rowing,Rowing Men's Coxed Eights,Gold
147250,73911,Lucas Markian Makowsky,M,22.0,181.0,78.0,Canada,CAN,2010 Winter,2010,Winter,Vancouver,Speed Skating,Speed Skating Men's Team Pursuit (8 laps),Gold
147746,74136,"Norbert Joseph ""Norm"" Malloy",M,26.0,,,Canada,CAN,1932 Winter,1932,Winter,Lake Placid,Ice Hockey,Ice Hockey Men's Ice Hockey,Gold
148909,74694,George Edward Mara,M,26.0,,,Canada,CAN,1948 Winter,1948,Winter,Sankt Moritz,Ice Hockey,Ice Hockey Men's Ice Hockey,Gold
150029,75237,Robert Davies Marland,M,28.0,195.0,94.0,Canada,CAN,1992 Summer,1992,Summer,Barcelona,Rowing,Rowing Men's Coxed Eights,Gold
150031,75239,Patrick Denis Marleau,M,30.0,188.0,95.0,Canada,CAN,2010 Winter,2010,Winter,Vancouver,Ice Hockey,Ice Hockey Men's Ice Hockey,Gold
150032,75239,Patrick Denis Marleau,M,34.0,188.0,95.0,Canada,CAN,2014 Winter,2014,Winter,Sochi,Ice Hockey,Ice Hockey Men's Ice Hockey,Gold
150640,75588,Kevin Martin,M,43.0,185.0,93.0,Canada,CAN,2010 Winter,2010,Winter,Vancouver,Curling,Curling Men's Curling,Gold
153863,77241,Marnie Elizabeth McBean,F,24.0,177.0,74.0,Canada,CAN,1992 Summer,1992,Summer,Barcelona,Rowing,Rowing Women's Coxless Pairs,Gold
153864,77241,Marnie Elizabeth McBean,F,24.0,177.0,74.0,Canada,CAN,1992 Summer,1992,Summer,Barcelona,Rowing,Rowing Women's Coxed Eights,Gold
153865,77241,Marnie Elizabeth McBean,F,28.0,177.0,74.0,Canada,CAN,1996 Summer,1996,Summer,Atlanta,Rowing,Rowing Women's Double Sculls,Gold
153902,77264,"Albert John ""Bert"" McCaffrey",M,29.0,178.0,82.0,Canada,CAN,1924 Winter,1924,Winter,Chamonix,Ice Hockey,Ice Hockey Men's Ice Hockey,Gold
154206,77432,Joan Elizabeth McCusker (Inglis-),F,32.0,170.0,95.0,Canada,CAN,1998 Winter,1998,Winter,Nagano,Curling,Curling Women's Curling,Gold
154393,77510,Dawn McEwen (Askin-),F,33.0,162.0,61.0,Canada,CAN,2014 Winter,2014,Winter,Sochi,Curling,Curling Women's Curling,Gold
154667,77649,Ashleigh McIvor (-DeMerit),F,26.0,178.0,66.0,Canada,CAN,2010 Winter,2010,Winter,Vancouver,Freestyle Skiing,Freestyle Skiing Women's Ski Cross,Gold
154951,77761,Mark Anthony McKoy,M,30.0,181.0,70.0,Canada,CAN,1992 Summer,1992,Summer,Barcelona,Athletics,Athletics Men's 110 metres Hurdles,Gold
155065,77837,Robert Brian McMahon,M,23.0,178.0,55.0,Canada,CAN,1984 Summer,1984,Summer,Los Angeles,Rowing,Rowing Men's Coxed Eights,Gold
155147,77886,Harold Edgar McMunn,M,21.0,,,Canada,CAN,1924 Winter,1924,Winter,Chamonix,Ice Hockey,Ice Hockey Men's Ice Hockey,Gold
155193,77905,Duncan Anderson McNaughton,M,21.0,193.0,80.0,Canada,CAN,1932 Summer,1932,Summer,Los Angeles,Athletics,Athletics Men's High Jump,Gold
157860,79243,"Robert Roderick ""Bob"" Meyers",M,27.0,,,Canada,CAN,1952 Winter,1952,Winter,Oslo,Ice Hockey,Ice Hockey Men's Ice Hockey,Gold
158705,79680,Meaghan Mikkelson,F,25.0,175.0,67.0,Canada,CAN,2010 Winter,2010,Winter,Vancouver,Ice Hockey,Ice Hockey Women's Ice Hockey,Gold
158706,79680,Meaghan Mikkelson,F,29.0,175.0,67.0,Canada,CAN,2014 Winter,2014,Winter,Sochi,Ice Hockey,Ice Hockey Women's Ice Hockey,Gold
159164,79885,David Engelbert Miller,M,26.0,,,Canada,CAN,1952 Winter,1952,Winter,Oslo,Ice Hockey,Ice Hockey Men's Ice Hockey,Gold
162140,81407,Jessica Monroe (-Gonin),F,26.0,178.0,75.0,Canada,CAN,1992 Summer,1992,Summer,Barcelona,Rowing,Rowing Women's Coxless Fours,Gold
162141,81407,Jessica Monroe (-Gonin),F,26.0,178.0,75.0,Canada,CAN,1992 Summer,1992,Summer,Barcelona,Rowing,Rowing Women's Coxed Eights,Gold
162169,81423,"Walter George ""Wally"" Monson",M,23.0,155.0,77.0,Canada,CAN,1932 Winter,1932,Winter,Lake Placid,Ice Hockey,Ice Hockey Men's Ice Hockey,Gold
162424,81547,"Jonathan Riley ""Jon"" Montgomery",M,30.0,175.0,75.0,Canada,CAN,2010 Winter,2010,Winter,Vancouver,Skeleton,Skeleton Men's Skeleton,Gold
162632,81662,"Kenneth Strath ""Ken"" Moore",M,21.0,,,Canada,CAN,1932 Winter,1932,Winter,Lake Placid,Ice Hockey,Ice Hockey Men's Ice Hockey,Gold
163853,82237,Alwyn Morris,M,26.0,175.0,82.0,Canada,CAN,1984 Summer,1984,Summer,Los Angeles,Canoeing,"Canoeing Men's Kayak Doubles, 1,000 metres",Gold
163905,82258,John Morris,M,31.0,188.0,84.0,Canada,CAN,2010 Winter,2010,Winter,Vancouver,Curling,Curling Men's Curling,Gold
163956,82287,Denny Morrison,M,24.0,183.0,81.0,Canada,CAN,2010 Winter,2010,Winter,Vancouver,Speed Skating,Speed Skating Men's Team Pursuit (8 laps),Gold
163981,82303,Brenden Morrow,M,31.0,180.0,96.0,Canada,CAN,2010 Winter,2010,Winter,Vancouver,Ice Hockey,Ice Hockey Men's Ice Hockey,Gold
165032,82870,"Norbert Edward ""Stuffy"" Mueller",M,21.0,,,Canada,CAN,1928 Winter,1928,Winter,Sankt Moritz,Ice Hockey,Ice Hockey Men's Ice Hockey,Gold
165037,82874,Lori-Ann Muenzer,F,38.0,175.0,80.0,Canada,CAN,2004 Summer,2004,Summer,Athina,Cycling,Cycling Women's Sprint,Gold
165968,83350,"Duncan Brown ""Dunc"" Munro",M,23.0,173.0,86.0,Canada,CAN,1924 Winter,1924,Winter,Chamonix,Ice Hockey,Ice Hockey Men's Ice Hockey,Gold
168365,84605,Rick McLaren Nash,M,25.0,193.0,93.0,Canada,CAN,2010 Winter,2010,Winter,Vancouver,Ice Hockey,Ice Hockey Men's Ice Hockey,Gold
168366,84605,Rick McLaren Nash,M,29.0,193.0,93.0,Canada,CAN,2014 Winter,2014,Winter,Sochi,Ice Hockey,Ice Hockey Men's Ice Hockey,Gold
169802,85350,Christine Margaret Nesbitt,F,24.0,171.0,68.0,Canada,CAN,2010 Winter,2010,Winter,Vancouver,Speed Skating,"Speed Skating Women's 1,000 metres",Gold
169869,85384,Daniel Mark Nestor,M,28.0,191.0,87.0,Canada,CAN,2000 Summer,2000,Summer,Sydney,Tennis,Tennis Men's Doubles,Gold
170016,85447,Kevin Neufeld,M,23.0,186.0,90.0,Canada,CAN,1984 Summer,1984,Summer,Los Angeles,Rowing,Rowing Men's Coxed Eights,Gold
170750,85820,Mark Nichols,M,26.0,177.0,81.0,Canada,CAN,2006 Winter,2006,Winter,Torino,Curling,Curling Men's Curling,Gold
170954,85922,Scott Niedermayer,M,28.0,185.0,91.0,Canada,CAN,2002 Winter,2002,Winter,Salt Lake City,Ice Hockey,Ice Hockey Men's Ice Hockey,Gold
170955,85922,Scott Niedermayer,M,36.0,185.0,91.0,Canada,CAN,2010 Winter,2010,Winter,Vancouver,Ice Hockey,Ice Hockey Men's Ice Hockey,Gold
171373,86118,"Joseph ""Joe"" Nieuwendyk",M,35.0,185.0,93.0,Canada,CAN,2002 Winter,2002,Winter,Salt Lake City,Ice Hockey,Ice Hockey Men's Ice Hockey,Gold
172705,86775,Owen Liam Nolan,M,29.0,185.0,96.0,Canada,CAN,2002 Winter,2002,Winter,Salt Lake City,Ice Hockey,Ice Hockey Men's Ice Hockey,Gold
175311,88102,Jill Officer Hinchey,F,38.0,177.0,72.0,Canada,CAN,2014 Winter,2014,Winter,Sochi,Curling,Curling Women's Curling,Gold
176301,88651,"Penelope ""Penny"" Oleksiak",F,16.0,185.0,68.0,Canada,CAN,2016 Summer,2016,Summer,Rio de Janeiro,Swimming,Swimming Women's 100 metres Freestyle,Gold
178305,89626,George Washington F. Orton,M,27.0,169.0,65.0,Canada,CAN,1900 Summer,1900,Summer,Paris,Athletics,"Athletics Men's 2,500 metres Steeplechase",Gold
179081,89998,Anne Ottenbrite (-Muylaert),F,18.0,175.0,60.0,Canada,CAN,1984 Summer,1984,Summer,Los Angeles,Swimming,Swimming Women's 200 metres Breaststroke,Gold
179275,90081,Caroline Ouellette,F,22.0,180.0,77.0,Canada,CAN,2002 Winter,2002,Winter,Salt Lake City,Ice Hockey,Ice Hockey Women's Ice Hockey,Gold
179276,90081,Caroline Ouellette,F,26.0,180.0,77.0,Canada,CAN,2006 Winter,2006,Winter,Torino,Ice Hockey,Ice Hockey Women's Ice Hockey,Gold
179277,90081,Caroline Ouellette,F,30.0,180.0,77.0,Canada,CAN,2010 Winter,2010,Winter,Vancouver,Ice Hockey,Ice Hockey Women's Ice Hockey,Gold
179278,90081,Caroline Ouellette,F,34.0,180.0,77.0,Canada,CAN,2014 Winter,2014,Winter,Sochi,Ice Hockey,Ice Hockey Women's Ice Hockey,Gold
179281,90082,"Joseph Raymond Gerald ""Gerry"" Ouellette",M,22.0,173.0,82.0,Canada,CAN,1956 Summer,1956,Summer,Melbourne,Shooting,"Shooting Men's Small-Bore Rifle, Prone, 50 metres",Gold
183099,92024,Eric Evan Paterson,M,22.0,175.0,70.0,Canada,CAN,1952 Winter,1952,Winter,Oslo,Ice Hockey,Ice Hockey Men's Ice Hockey,Gold
183390,92175,"Terrence Michael ""Terry"" Paul",M,27.0,165.0,50.0,Canada,CAN,1992 Summer,1992,Summer,Barcelona,Rowing,Rowing Men's Coxed Eights,Gold
184120,92533,"Michael Anthony ""Mike"" Peca",M,27.0,183.0,86.0,Canada,CAN,2002 Winter,2002,Winter,Salt Lake City,Ice Hockey,Ice Hockey Men's Ice Hockey,Gold
186018,93527,Annie Perreault,F,20.0,163.0,61.0,Canada,CAN,1992 Winter,1992,Winter,Albertville,Short Track Speed Skating,"Short Track Speed Skating Women's 3,000 metres Relay",Gold
186019,93527,Annie Perreault,F,26.0,163.0,61.0,Canada,CAN,1998 Winter,1998,Winter,Nagano,Short Track Speed Skating,Short Track Speed Skating Women's 500 metres,Gold
186155,93592,Corey Perry,M,24.0,190.0,95.0,Canada,CAN,2010 Winter,2010,Winter,Vancouver,Ice Hockey,Ice Hockey Men's Ice Hockey,Gold
186156,93592,Corey Perry,M,28.0,190.0,95.0,Canada,CAN,2014 Winter,2014,Winter,Sochi,Ice Hockey,Ice Hockey Men's Ice Hockey,Gold
188626,94761,"Alexander ""Alex"" Pietrangelo",M,24.0,190.0,96.0,Canada,CAN,2014 Winter,2014,Winter,Sochi,Ice Hockey,Ice Hockey Men's Ice Hockey,Gold
189341,95093,Cherie Piper,F,20.0,168.0,76.0,Canada,CAN,2002 Winter,2002,Winter,Salt Lake City,Ice Hockey,Ice Hockey Women's Ice Hockey,Gold
189342,95093,Cherie Piper,F,24.0,168.0,76.0,Canada,CAN,2006 Winter,2006,Winter,Torino,Ice Hockey,Ice Hockey Women's Ice Hockey,Gold
189343,95093,Cherie Piper,F,28.0,168.0,76.0,Canada,CAN,2010 Winter,2010,Winter,Vancouver,Ice Hockey,Ice Hockey Women's Ice Hockey,Gold
189984,95421,"Herbert Alfred Wellington ""Bert"" Plaxton",M,26.0,178.0,,Canada,CAN,1928 Winter,1928,Winter,Sankt Moritz,Ice Hockey,Ice Hockey Men's Ice Hockey,Gold
189985,95422,Hugh John Plaxton,M,23.0,178.0,84.0,Canada,CAN,1928 Winter,1928,Winter,Sankt Moritz,Ice Hockey,Ice Hockey Men's Ice Hockey,Gold
189987,95424,"Hayward Alan Roger ""Rod"" Plaxton",M,23.0,,,Canada,CAN,1928 Winter,1928,Winter,Sankt Moritz,Ice Hockey,Ice Hockey Men's Ice Hockey,Gold
190956,95910,"Thomas Allen ""Tom"" Pollock",M,26.0,178.0,76.0,Canada,CAN,1952 Winter,1952,Winter,Oslo,Ice Hockey,Ice Hockey Men's Ice Hockey,Gold
191820,96307,Derek Porter-Nesbitt,M,24.0,196.0,98.0,Canada,CAN,1992 Summer,1992,Summer,Barcelona,Rowing,Rowing Men's Coxed Eights,Gold
191837,96314,"John Chester ""Jack"" Porter",M,24.0,,,Canada,CAN,1928 Winter,1928,Winter,Sankt Moritz,Ice Hockey,Ice Hockey Men's Ice Hockey,Gold
192268,96539,Marie-Philip Poulin,F,18.0,169.0,72.0,Canada,CAN,2010 Winter,2010,Winter,Vancouver,Ice Hockey,Ice Hockey Women's Ice Hockey,Gold
192269,96539,Marie-Philip Poulin,F,22.0,169.0,72.0,Canada,CAN,2014 Winter,2014,Winter,Sochi,Ice Hockey,Ice Hockey Women's Ice Hockey,Gold
192325,96569,Cheryl Pounder (-O'Toole),F,25.0,165.0,64.0,Canada,CAN,2002 Winter,2002,Winter,Salt Lake City,Ice Hockey,Ice Hockey Women's Ice Hockey,Gold
192326,96569,Cheryl Pounder (-O'Toole),F,29.0,165.0,64.0,Canada,CAN,2006 Winter,2006,Winter,Torino,Ice Hockey,Ice Hockey Women's Ice Hockey,Gold
193065,96935,Brian Price,M,32.0,163.0,55.0,Canada,CAN,2008 Summer,2008,Summer,Beijing,Rowing,Rowing Men's Coxed Eights,Gold
193067,96936,Carey Price,M,26.0,191.0,100.0,Canada,CAN,2014 Winter,2014,Winter,Sochi,Ice Hockey,Ice Hockey Men's Ice Hockey,Gold
193646,97188,"Christopher Robert ""Chris"" Pronger",M,27.0,198.0,100.0,Canada,CAN,2002 Winter,2002,Winter,Salt Lake City,Ice Hockey,Ice Hockey Men's Ice Hockey,Gold
193648,97188,"Christopher Robert ""Chris"" Pronger",M,35.0,198.0,100.0,Canada,CAN,2010 Winter,2010,Winter,Vancouver,Ice Hockey,Ice Hockey Men's Ice Hockey,Gold
194408,97604,"Allan Ruggles ""Al"" Purvis",M,23.0,,,Canada,CAN,1952 Winter,1952,Winter,Oslo,Ice Hockey,Ice Hockey Men's Ice Hockey,Gold
196722,98762,William Beattie Ramsay,M,28.0,170.0,65.0,Canada,CAN,1924 Winter,1924,Winter,Chamonix,Ice Hockey,Ice Hockey Men's Ice Hockey,Gold
197107,98951,Michael G. Rascher,M,26.0,198.0,101.0,Canada,CAN,1992 Summer,1992,Summer,Barcelona,Rowing,Rowing Men's Coxed Eights,Gold
197931,99376,Ross Rebagliati,M,26.0,178.0,81.0,Canada,CAN,1998 Winter,1998,Winter,Nagano,Snowboarding,Snowboarding Men's Giant Slalom,Gold
198985,99943,"Albert Romo ""Ab"" Renaud",M,27.0,,,Canada,CAN,1948 Winter,1948,Winter,Sankt Moritz,Ice Hockey,Ice Hockey Men's Ice Hockey,Gold
199113,100000,George Haddow Rennie,M,25.0,,,Canada,CAN,1908 Summer,1908,Summer,London,Lacrosse,Lacrosse Men's Lacrosse,Gold
200093,100499,"Michael ""Mike"" Richards",M,25.0,180.0,88.0,Canada,CAN,2010 Winter,2010,Winter,Vancouver,Ice Hockey,Ice Hockey Men's Ice Hockey,Gold
200413,100633,Malle Danica Ricker,F,31.0,169.0,63.0,Canada,CAN,2010 Winter,2010,Winter,Vancouver,Snowboarding,Snowboarding Women's Boardercross,Gold
201399,101162,Romeo Norman Rivers,M,24.0,,,Canada,CAN,1932 Winter,1932,Winter,Lake Placid,Ice Hockey,Ice Hockey Men's Ice Hockey,Gold
201779,101340,Bruce D. Robertson,M,30.0,198.0,95.0,Canada,CAN,1992 Summer,1992,Summer,Barcelona,Rowing,Rowing Men's Coxed Eights,Gold
201808,101354,"Gordon ""Gordie"" Robertson",M,25.0,,,Canada,CAN,1952 Winter,1952,Winter,Oslo,Ice Hockey,Ice Hockey Men's Ice Hockey,Gold
204366,102603,"Fanny ""Bobby"" Rosenfeld",F,23.0,169.0,61.0,Canada,CAN,1928 Summer,1928,Summer,Amsterdam,Athletics,Athletics Women's 4 x 100 metres Relay,Gold
205002,102933,Lauriane Rougeau,F,23.0,173.0,75.0,Canada,CAN,2014 Winter,2014,Winter,Sochi,Ice Hockey,Ice Hockey Women's Ice Hockey,Gold
206581,103701,"Benjamin Jon ""Ben"" Rutledge",M,27.0,194.0,95.0,Canada,CAN,2008 Summer,2008,Summer,Beijing,Rowing,Rowing Men's Coxed Eights,Gold
208283,104543,"Joseph Steven ""Joe"" Sakic",M,32.0,180.0,88.0,Canada,CAN,2002 Winter,2002,Winter,Salt Lake City,Ice Hockey,Ice Hockey Men's Ice Hockey,Gold
213421,107173,Sandra Marie Schmirler (-Peterson-),F,34.0,184.0,72.0,Canada,CAN,1998 Winter,1998,Winter,Nagano,Curling,Curling Women's Curling,Gold
213582,107252,"Julius Gustav Albert ""Bert"" Schneider",M,22.0,,,Canada,CAN,1920 Summer,1920,Summer,Antwerpen,Boxing,Boxing Men's Welterweight,Gold
214233,107559,"Reginald John ""Reg"" Schroeter",M,26.0,,,Canada,CAN,1948 Winter,1948,Winter,Sankt Moritz,Ice Hockey,Ice Hockey Men's Ice Hockey,Gold
215084,107975,Barbara Ann Scott (-King),F,19.0,,,Canada,CAN,1948 Winter,1948,Winter,Sankt Moritz,Figure Skating,Figure Skating Women's Singles,Gold
215092,107976,"Rebecca ""Beckie"" Scott (-Wadsworth)",F,27.0,171.0,64.0,Canada,CAN,2002 Winter,2002,Winter,Salt Lake City,Cross Country Skiing,Cross Country Skiing Women's 5/5 kilometres Pursuit,Gold
215268,108069,Brent Seabrook,M,24.0,190.0,100.0,Canada,CAN,2010 Winter,2010,Winter,Vancouver,Ice Hockey,Ice Hockey Men's Ice Hockey,Gold
215381,108134,Louis John Secco,M,25.0,,,Canada,CAN,1952 Winter,1952,Winter,Oslo,Ice Hockey,Ice Hockey Men's Ice Hockey,Gold
215829,108361,Dominic Seiterle,M,32.0,193.0,93.0,Canada,CAN,2008 Summer,2008,Summer,Beijing,Rowing,Rowing Men's Coxed Eights,Gold
217435,109213,Brendan Frederick Shanahan,M,33.0,191.0,100.0,Canada,CAN,2002 Winter,2002,Winter,Salt Lake City,Ice Hockey,Ice Hockey Men's Ice Hockey,Gold
217645,109321,Patrick Sharp,M,32.0,185.0,89.0,Canada,CAN,2014 Winter,2014,Winter,Sochi,Ice Hockey,Ice Hockey Men's Ice Hockey,Gold
218250,109622,"William John ""Billy"" Sherring",M,28.0,166.0,54.0,Canada,CAN,1906 Summer,1906,Summer,Athina,Athletics,Athletics Men's Marathon,Gold
218347,109661,Tammy Lee Shewchuk (-Dryden),F,24.0,163.0,60.0,Canada,CAN,2002 Winter,2002,Winter,Salt Lake City,Ice Hockey,Ice Hockey Women's Ice Hockey,Gold
218353,109662,Kyle Keith Shewfelt,M,22.0,164.0,61.0,Canada,CAN,2004 Summer,2004,Summer,Athina,Gymnastics,Gymnastics Men's Floor Exercise,Gold
220764,110882,"Harold Alfred ""Hack"" Simpson",M,21.0,190.0,91.0,Canada,CAN,1932 Winter,1932,Winter,Lake Placid,Ice Hockey,Ice Hockey Men's Ice Hockey,Gold
222759,111896,"Cyril Seely ""Sig"" Slater",M,26.0,170.0,,Canada,CAN,1924 Winter,1924,Winter,Chamonix,Ice Hockey,Ice Hockey Men's Ice Hockey,Gold
223100,112052,"Samantha ""Sami Jo"" Small (-Bridges)",F,25.0,170.0,85.0,Canada,CAN,2002 Winter,2002,Winter,Salt Lake City,Ice Hockey,Ice Hockey Women's Ice Hockey,Gold
223499,112249,Ethel May Smith (-Stewart),F,20.0,165.0,54.0,Canada,CAN,1928 Summer,1928,Summer,Amsterdam,Athletics,Athletics Women's 4 x 100 metres Relay,Gold
223557,112281,"Reginald Joseph ""Hooley"" Smith",M,19.0,178.0,70.0,Canada,CAN,1924 Winter,1924,Winter,Chamonix,Ice Hockey,Ice Hockey Men's Ice Hockey,Gold
224028,112526,Ryan Alexander Gordon Smyth,M,25.0,185.0,86.0,Canada,CAN,2002 Winter,2002,Winter,Salt Lake City,Ice Hockey,Ice Hockey Men's Ice Hockey,Gold
225538,113326,Colleen Sostorics,F,22.0,163.0,76.0,Canada,CAN,2002 Winter,2002,Winter,Salt Lake City,Ice Hockey,Ice Hockey Women's Ice Hockey,Gold
225539,113326,Colleen Sostorics,F,26.0,163.0,76.0,Canada,CAN,2006 Winter,2006,Winter,Torino,Ice Hockey,Ice Hockey Women's Ice Hockey,Gold
225540,113326,Colleen Sostorics,F,30.0,163.0,76.0,Canada,CAN,2010 Winter,2010,Winter,Vancouver,Ice Hockey,Ice Hockey Women's Ice Hockey,Gold
226740,113937,Natalie Marie Spooner,F,23.0,178.0,80.0,Canada,CAN,2014 Winter,2014,Winter,Sochi,Ice Hockey,Ice Hockey Women's Ice Hockey,Gold
227029,114085,Kim St-Pierre,F,23.0,175.0,71.0,Canada,CAN,2002 Winter,2002,Winter,Salt Lake City,Ice Hockey,Ice Hockey Women's Ice Hockey,Gold
227030,114085,Kim St-Pierre,F,27.0,175.0,71.0,Canada,CAN,2006 Winter,2006,Winter,Torino,Ice Hockey,Ice Hockey Women's Ice Hockey,Gold
227031,114085,Kim St-Pierre,F,31.0,175.0,71.0,Canada,CAN,2010 Winter,2010,Winter,Vancouver,Ice Hockey,Ice Hockey Women's Ice Hockey,Gold
227051,114099,Martin St. Louis,M,38.0,176.0,84.0,Canada,CAN,2014 Winter,2014,Winter,Sochi,Ice Hockey,Ice Hockey Men's Ice Hockey,Gold
227070,114108,Eric Craig Staal,M,25.0,193.0,93.0,Canada,CAN,2010 Winter,2010,Winter,Vancouver,Ice Hockey,Ice Hockey Men's Ice Hockey,Gold
228156,114598,Paul Steele,M,26.0,195.0,93.0,Canada,CAN,1984 Summer,1984,Summer,Los Angeles,Rowing,Rowing Men's Coxed Eights,Gold
231429,116122,"Pernell Karl ""PK"" Subban",M,24.0,183.0,98.0,Canada,CAN,2014 Winter,2014,Winter,Sochi,Ice Hockey,Ice Hockey Men's Ice Hockey,Gold
231945,116362,"Francis Cornelius ""Frank"" Sullivan",M,34.0,180.0,81.0,Canada,CAN,1952 Winter,1952,Winter,Oslo,Ice Hockey,Ice Hockey Men's Ice Hockey,Gold
231946,116363,"Francis Gerald ""Frank"" Sullivan",M,29.0,,,Canada,CAN,1928 Winter,1928,Winter,Sankt Moritz,Ice Hockey,Ice Hockey Men's Ice Hockey,Gold
231951,116366,"Joseph Albert Taylor ""Joe"" Sullivan",M,27.0,,,Canada,CAN,1928 Winter,1928,Winter,Sankt Moritz,Ice Hockey,Ice Hockey Men's Ice Hockey,Gold
232422,116593,Vicky Sunohara,F,31.0,170.0,75.0,Canada,CAN,2002 Winter,2002,Winter,Salt Lake City,Ice Hockey,Ice Hockey Women's Ice Hockey,Gold
232423,116593,Vicky Sunohara,F,35.0,170.0,75.0,Canada,CAN,2006 Winter,2006,Winter,Torino,Ice Hockey,Ice Hockey Women's Ice Hockey,Gold
232546,116641,Bruny Surin,M,29.0,180.0,81.0,Canada,CAN,1996 Summer,1996,Summer,Atlanta,Athletics,Athletics Men's 4 x 100 metres Relay,Gold
232691,116715,Hugh Robert Sutherland,M,25.0,,,Canada,CAN,1932 Winter,1932,Winter,Lake Placid,Ice Hockey,Ice Hockey Men's Ice Hockey,Gold
233884,117307,Shannon Lynn Szabados,F,23.0,175.0,65.0,Canada,CAN,2010 Winter,2010,Winter,Vancouver,Ice Hockey,Ice Hockey Women's Ice Hockey,Gold
233885,117307,Shannon Lynn Szabados,F,27.0,175.0,65.0,Canada,CAN,2014 Winter,2014,Winter,Sochi,Ice Hockey,Ice Hockey Women's Ice Hockey,Gold
236924,118800,John Tavares,M,23.0,183.0,90.0,Canada,CAN,2014 Winter,2014,Winter,Sochi,Ice Hockey,Ice Hockey Men's Ice Hockey,Gold
237030,118861,Brenda Susan Taylor,F,29.0,173.0,66.0,Canada,CAN,1992 Summer,1992,Summer,Barcelona,Rowing,Rowing Women's Coxless Fours,Gold
237031,118861,Brenda Susan Taylor,F,29.0,173.0,66.0,Canada,CAN,1992 Summer,1992,Summer,Barcelona,Rowing,Rowing Women's Coxed Eights,Gold
237097,118897,Irving Carrie Taylor,M,28.0,,,Canada,CAN,1948 Winter,1948,Winter,Sankt Moritz,Ice Hockey,Ice Hockey Men's Ice Hockey,Gold
237163,118939,Ross Croft Taylor,M,25.0,178.0,,Canada,CAN,1928 Winter,1928,Winter,Sankt Moritz,Ice Hockey,Ice Hockey Men's Ice Hockey,Gold
238165,119438,"Marcus ""Mark"" Tewksbury",M,24.0,185.0,80.0,Canada,CAN,1992 Summer,1992,Summer,Barcelona,Swimming,Swimming Men's 100 metres Backstroke,Gold
238853,119749,Linda Mary Alice Thom (Malcolm-),F,40.0,177.0,68.0,Canada,CAN,1984 Summer,1984,Summer,Los Angeles,Shooting,"Shooting Women's Sporting Pistol, 25 metres",Gold
239275,119937,Marielle Thompson,F,21.0,178.0,70.0,Canada,CAN,2014 Winter,2014,Winter,Sochi,Freestyle Skiing,Freestyle Skiing Women's Ski Cross,Gold
239328,119965,Lesley Allison Thompson-Willie,F,32.0,160.0,50.0,Canada,CAN,1992 Summer,1992,Summer,Barcelona,Rowing,Rowing Women's Coxed Eights,Gold
239457,120016,"Earl John ""Tommy"" Thomson",M,25.0,188.0,86.0,Canada,CAN,1920 Summer,1920,Summer,Antwerpen,Athletics,Athletics Men's 110 metres Hurdles,Gold
239599,120079,"Joseph Eric ""Joe"" Thornton",M,30.0,193.0,102.0,Canada,CAN,2010 Winter,2010,Winter,Vancouver,Ice Hockey,Ice Hockey Men's Ice Hockey,Gold
240976,120709,Jonathan Bryan Toews,M,21.0,188.0,95.0,Canada,CAN,2010 Winter,2010,Winter,Vancouver,Ice Hockey,Ice Hockey Men's Ice Hockey,Gold
240977,120709,Jonathan Bryan Toews,M,25.0,188.0,95.0,Canada,CAN,2014 Winter,2014,Winter,Sochi,Ice Hockey,Ice Hockey Men's Ice Hockey,Gold
243216,121804,Franois-Louis Tremblay,M,21.0,173.0,73.0,Canada,CAN,2002 Winter,2002,Winter,Salt Lake City,Short Track Speed Skating,"Short Track Speed Skating Men's 5,000 metres Relay",Gold
243221,121804,Franois-Louis Tremblay,M,29.0,173.0,73.0,Canada,CAN,2010 Winter,2010,Winter,Vancouver,Short Track Speed Skating,"Short Track Speed Skating Men's 5,000 metres Relay",Gold
243765,122078,"David ""Dave"" Trottier",M,21.0,178.0,77.0,Canada,CAN,1928 Winter,1928,Winter,Sankt Moritz,Ice Hockey,Ice Hockey Men's Ice Hockey,Gold
245021,122700,Mathieu Turcotte,M,25.0,165.0,68.0,Canada,CAN,2002 Winter,2002,Winter,Salt Lake City,Short Track Speed Skating,"Short Track Speed Skating Men's 5,000 metres Relay",Gold
245128,122754,"Alexander Thomas ""Sandy"" Turnbull",M,35.0,,,Canada,CAN,1908 Summer,1908,Summer,London,Lacrosse,Lacrosse Men's Lacrosse,Gold
245226,122795,"Patrick ""Pat"" Turner",M,23.0,,,Canada,CAN,1984 Summer,1984,Summer,Los Angeles,Rowing,Rowing Men's Coxed Eights,Gold
247254,123794,Sarah Marie Vaillancourt,F,20.0,168.0,63.0,Canada,CAN,2006 Winter,2006,Winter,Torino,Ice Hockey,Ice Hockey Women's Ice Hockey,Gold
247255,123794,Sarah Marie Vaillancourt,F,24.0,168.0,63.0,Canada,CAN,2010 Winter,2010,Winter,Vancouver,Ice Hockey,Ice Hockey Women's Ice Hockey,Gold
249122,124716,Adam Joseph Van Koeverden,M,22.0,182.0,85.0,Canada,CAN,2004 Summer,2004,Summer,Athina,Canoeing,"Canoeing Men's Kayak Singles, 500 metres",Gold
253562,126976,Marc-douard Vlasic,M,26.0,185.0,93.0,Canada,CAN,2014 Winter,2014,Winter,Sochi,Ice Hockey,Ice Hockey Men's Ice Hockey,Gold
255485,127913,"Ulysses Stanley ""Stan"" Wagner",M,23.0,,,Canada,CAN,1932 Winter,1932,Winter,Lake Placid,Ice Hockey,Ice Hockey Men's Ice Hockey,Gold
255673,128002,"Jennifer Dorothy June ""Jenn"" Wakefield",F,24.0,175.0,77.0,Canada,CAN,2014 Winter,2014,Winter,Sochi,Ice Hockey,Ice Hockey Women's Ice Hockey,Gold
255778,128053,Carolyn Jane Waldo,F,23.0,170.0,56.0,Canada,CAN,1988 Summer,1988,Summer,Seoul,Synchronized Swimming,Synchronized Swimming Women's Solo,Gold
255779,128053,Carolyn Jane Waldo,F,23.0,170.0,56.0,Canada,CAN,1988 Summer,1988,Summer,Seoul,Synchronized Swimming,Synchronized Swimming Women's Duet,Gold
255963,128162,John William Wallace,M,30.0,192.0,88.0,Canada,CAN,1992 Summer,1992,Summer,Barcelona,Rowing,Rowing Men's Coxed Eights,Gold
257034,128709,Catherine Ward,F,22.0,168.0,67.0,Canada,CAN,2010 Winter,2010,Winter,Vancouver,Ice Hockey,Ice Hockey Women's Ice Hockey,Gold
257035,128709,Catherine Ward,F,26.0,168.0,67.0,Canada,CAN,2014 Winter,2014,Winter,Sochi,Ice Hockey,Ice Hockey Women's Ice Hockey,Gold
257456,128917,Tara Leigh-Anne Watchorn,F,23.0,178.0,76.0,Canada,CAN,2014 Winter,2014,Winter,Sochi,Ice Hockey,Ice Hockey Women's Ice Hockey,Gold
257535,128966,"Harold Ellis ""Harry"" Watson",M,25.0,,,Canada,CAN,1924 Winter,1924,Winter,Chamonix,Ice Hockey,Ice Hockey Men's Ice Hockey,Gold
257589,128991,"Robert McDonald ""Bob"" Watt",M,24.0,,,Canada,CAN,1952 Winter,1952,Winter,Oslo,Ice Hockey,Ice Hockey Men's Ice Hockey,Gold
257724,129071,"Katherine Marie ""Katie"" Weatherston",F,22.0,163.0,66.0,Canada,CAN,2006 Winter,2006,Winter,Torino,Ice Hockey,Ice Hockey Women's Ice Hockey,Gold
257879,129157,Shea Michael Weber,M,24.0,193.0,104.0,Canada,CAN,2010 Winter,2010,Winter,Vancouver,Ice Hockey,Ice Hockey Men's Ice Hockey,Gold
257880,129157,Shea Michael Weber,M,28.0,193.0,104.0,Canada,CAN,2014 Winter,2014,Winter,Sochi,Ice Hockey,Ice Hockey Men's Ice Hockey,Gold
259422,129886,"Jacob ""Jake"" Wetzel",M,31.0,195.0,94.0,Canada,CAN,2008 Summer,2008,Summer,Beijing,Rowing,Rowing Men's Coxed Eights,Gold
259796,130061,Simon St. Quentin Whitfield,M,25.0,177.0,70.0,Canada,CAN,2000 Summer,2000,Summer,Sydney,Triathlon,Triathlon Men's Olympic Distance,Gold
259989,130148,Hayley Marie Wickenheiser,F,23.0,178.0,77.0,Canada,CAN,2002 Winter,2002,Winter,Salt Lake City,Ice Hockey,Ice Hockey Women's Ice Hockey,Gold
259990,130148,Hayley Marie Wickenheiser,F,27.0,178.0,77.0,Canada,CAN,2006 Winter,2006,Winter,Torino,Ice Hockey,Ice Hockey Women's Ice Hockey,Gold
259991,130148,Hayley Marie Wickenheiser,F,31.0,178.0,77.0,Canada,CAN,2010 Winter,2010,Winter,Vancouver,Ice Hockey,Ice Hockey Women's Ice Hockey,Gold
259992,130148,Hayley Marie Wickenheiser,F,35.0,178.0,77.0,Canada,CAN,2014 Winter,2014,Winter,Sochi,Ice Hockey,Ice Hockey Women's Ice Hockey,Gold
260087,130186,Erica Elizabeth Wiebe,F,27.0,175.0,75.0,Canada,CAN,2016 Summer,2016,Summer,Rio de Janeiro,Wrestling,"Wrestling Women's Heavyweight, Freestyle",Gold
261082,130651,Percy Alfred Williams,M,19.0,170.0,56.0,Canada,CAN,1928 Summer,1928,Summer,Amsterdam,Athletics,Athletics Men's 100 metres,Gold
261083,130651,Percy Alfred Williams,M,19.0,170.0,56.0,Canada,CAN,1928 Summer,1928,Summer,Amsterdam,Athletics,Athletics Men's 200 metres,Gold
262049,131112,Joseph Alston Wise,M,27.0,,,Canada,CAN,1932 Winter,1932,Winter,Lake Placid,Ice Hockey,Ice Hockey Men's Ice Hockey,Gold
262849,131525,"Allan Charles ""Huck"" Woodman",M,21.0,179.0,75.0,Canada,CAN,1920 Summer,1920,Summer,Antwerpen,Ice Hockey,Ice Hockey Men's Ice Hockey,Gold
263047,131623,Kay Frances Worthington (-Teti),F,32.0,177.0,72.0,Canada,CAN,1992 Summer,1992,Summer,Barcelona,Rowing,Rowing Women's Coxless Fours,Gold
263048,131623,Kay Frances Worthington (-Teti),F,32.0,177.0,72.0,Canada,CAN,1992 Summer,1992,Summer,Barcelona,Rowing,Rowing Women's Coxed Eights,Gold
266983,133576,"Stephen Gregory ""Steve"" Yzerman",M,36.0,180.0,84.0,Canada,CAN,2002 Winter,2002,Winter,Salt Lake City,Ice Hockey,Ice Hockey Men's Ice Hockey,Gold
